{"cameraMode":{"drawMode":31,"name":"Sprite Mask","section":"Miscellaneous"},"sceneLighting":true,"audioPlay":false,"sceneViewState":{"m_AlwaysRefresh":false,"showFog":true,"showSkybox":true,"showFlares":true,"showImageEffects":true,"showParticleSystems":true,"showVisualEffectGraphs":true,"m_FxEnabled":true},"in2DMode":false,"pivot":{"x":10.117935180664063,"y":17.10221290588379,"z":-2.3766980171203615},"rotation":{"x":-0.11397168040275574,"y":0.16373847424983979,"z":-0.019048091024160386,"w":-0.979722261428833},"size":17.640132904052736,"orthographic":false}