{"cameraMode":{"drawMode":31,"name":"Sprite Mask","section":"Miscellaneous"},"sceneLighting":true,"audioPlay":false,"sceneViewState":{"m_AlwaysRefresh":false,"showFog":true,"showSkybox":true,"showFlares":true,"showImageEffects":true,"showParticleSystems":true,"showVisualEffectGraphs":true,"m_FxEnabled":true},"in2DMode":false,"pivot":{"x":-0.6816481947898865,"y":0.20480883121490479,"z":16.434925079345704},"rotation":{"x":-0.17307977378368379,"y":0.0625915378332138,"z":-0.011022945865988732,"w":-0.9828641414642334},"size":23.83759117126465,"orthographic":false}